<?xml version="1.0" encoding="UTF-8"?>
<robot rpa="false" generated="20200209 18:12:41.649" generator="Robot 3.1.2 (Python 2.7.16 on win32)">
<suite source="C:\Users\kuheman7\workspace\Robot_Practice_Exercise" id="s1" name="Robot Practice Exercise">
<suite source="C:\Users\kuheman7\workspace\Robot_Practice_Exercise\TestCases" id="s1-s1" name="TestCases">
<suite source="C:\Users\kuheman7\workspace\Robot_Practice_Exercise\TestCases\TC_Checkout_Two_Most_Expensive_Items.robot" id="s1-s1-s1" name="TC Checkout Two Most Expensive Items">
<test id="s1-s1-s1-t1" name="Checkout_Two_Most_Expensive_Items_From_Electronics">
<kw type="setup" name="Launch Browser and Open Application" library="AddToCart_keywords">
<kw name="Open Browser" library="Selenium2Library">
<doc>Opens a new browser instance to the optional ``url``.</doc>
<arguments>
<arg>${applicationURL}</arg>
<arg>${browser}</arg>
</arguments>
<msg timestamp="20200209 18:12:42.373" level="INFO">Opening browser 'chrome' to base url 'https://www.amazon.in/'.</msg>
<status status="PASS" endtime="20200209 18:12:52.956" starttime="20200209 18:12:42.372"></status>
</kw>
<kw name="Maximize Browser Window" library="Selenium2Library">
<doc>Maximizes current browser window.</doc>
<status status="PASS" endtime="20200209 18:12:53.444" starttime="20200209 18:12:52.957"></status>
</kw>
<kw name="Wait Until Element Is Visible" library="Selenium2Library">
<doc>Waits until the element ``locator`` is visible.</doc>
<arguments>
<arg>${SIGNIN_TABLINK}</arg>
<arg>${MED_WAIT_TIMEOUT}</arg>
</arguments>
<status status="PASS" endtime="20200209 18:12:53.726" starttime="20200209 18:12:53.445"></status>
</kw>
<status status="PASS" endtime="20200209 18:12:53.726" starttime="20200209 18:12:42.370"></status>
</kw>
<kw name="Verify that Application Opened" library="AddToCart_keywords">
<kw name="Page Should Contain Element" library="Selenium2Library">
<doc>Verifies that element ``locator`` is found on the current page.</doc>
<arguments>
<arg>${SIGNIN_TABLINK}</arg>
</arguments>
<msg timestamp="20200209 18:12:53.744" level="INFO">Current page contains element 'id:nav-link-accountList'.</msg>
<status status="PASS" endtime="20200209 18:12:53.744" starttime="20200209 18:12:53.728"></status>
</kw>
<status status="PASS" endtime="20200209 18:12:53.745" starttime="20200209 18:12:53.727"></status>
</kw>
<kw name="Go to Menu and Navigate to Electronics Section" library="AddToCart_keywords">
<kw name="Wait Until Element Is Enabled" library="Selenium2Library">
<doc>Waits until the element ``locator`` is enabled.</doc>
<arguments>
<arg>${OPEN_MENU_LINK}</arg>
<arg>${MED_WAIT_TIMEOUT}</arg>
</arguments>
<status status="PASS" endtime="20200209 18:12:53.799" starttime="20200209 18:12:53.747"></status>
</kw>
<kw name="Mouse Over" library="Selenium2Library">
<doc>Simulates hovering the mouse over the element ``locator``.</doc>
<arguments>
<arg>${OPEN_MENU_LINK}</arg>
</arguments>
<msg timestamp="20200209 18:12:53.801" level="INFO">Simulating Mouse Over on element 'id:nav-hamburger-menu'.</msg>
<status status="PASS" endtime="20200209 18:12:54.592" starttime="20200209 18:12:53.800"></status>
</kw>
<kw name="Click Element" library="Selenium2Library">
<doc>Click the element identified by ``locator``.</doc>
<arguments>
<arg>${OPEN_MENU_LINK}</arg>
</arguments>
<msg timestamp="20200209 18:12:54.594" level="INFO">Clicking element 'id:nav-hamburger-menu'.</msg>
<status status="PASS" endtime="20200209 18:12:56.878" starttime="20200209 18:12:54.593"></status>
</kw>
<kw name="Wait Until Element Is Visible" library="Selenium2Library">
<doc>Waits until the element ``locator`` is visible.</doc>
<arguments>
<arg>${CATEGORY_MENU_CUSTOMER_LABEL}</arg>
<arg>${MED_WAIT_TIMEOUT}</arg>
</arguments>
<status status="PASS" endtime="20200209 18:12:56.923" starttime="20200209 18:12:56.879"></status>
</kw>
<kw name="Get Element Count" library="Selenium2Library">
<doc>Returns the number of elements matching ``locator``.</doc>
<arguments>
<arg>${SHOP_BY_CATEGORY_OPTIONS}</arg>
</arguments>
<assign>
<var>${countOfCategories}</var>
</assign>
<msg timestamp="20200209 18:12:56.944" level="INFO">${countOfCategories} = 22</msg>
<status status="PASS" endtime="20200209 18:12:56.944" starttime="20200209 18:12:56.924"></status>
</kw>
<kw type="for" name="${i} IN RANGE [ 1 | ${countOfCategories}+1 ]">
<kw type="foritem" name="${i} = 1">
<kw name="Get WebElement" library="Selenium2Library">
<doc>Returns the first WebElement matching the given ``locator``.</doc>
<arguments>
<arg>(${SHOP_BY_CATEGORY_OPTIONS})[${i}]</arg>
</arguments>
<assign>
<var>${CATEGORY_OPTION}</var>
</assign>
<msg timestamp="20200209 18:12:56.973" level="INFO">${CATEGORY_OPTION} = &lt;selenium.webdriver.remote.webelement.WebElement (session="30772b0a3cafaafa61c2bc960b7a634a", element="aaac1b99-225c-47a6-bd70-e9968f4b93ce")&gt;</msg>
<status status="PASS" endtime="20200209 18:12:56.973" starttime="20200209 18:12:56.946"></status>
</kw>
<kw name="Get Text" library="Selenium2Library">
<doc>Returns the text value of the element identified by ``locator``.</doc>
<arguments>
<arg>${CATEGORY_OPTION}</arg>
</arguments>
<assign>
<var>${actualCategoryName}</var>
</assign>
<msg timestamp="20200209 18:12:57.022" level="INFO">${actualCategoryName} = Echo &amp; Alexa</msg>
<status status="PASS" endtime="20200209 18:12:57.022" starttime="20200209 18:12:56.973"></status>
</kw>
<kw name="Run Keyword If" library="BuiltIn">
<doc>Runs the given keyword with the given arguments, if ``condition`` is true.</doc>
<arguments>
<arg>'${actualCategoryName}'=='${categoryElectronics}'</arg>
<arg>Click Element</arg>
<arg>${CATEGORY_OPTION}</arg>
</arguments>
<status status="PASS" endtime="20200209 18:12:57.024" starttime="20200209 18:12:57.023"></status>
</kw>
<kw name="Exit For Loop If" library="BuiltIn">
<doc>Stops executing the enclosing for loop if the ``condition`` is true.</doc>
<arguments>
<arg>'${actualCategoryName}'=='${categoryElectronics}'</arg>
</arguments>
<status status="PASS" endtime="20200209 18:12:57.025" starttime="20200209 18:12:57.024"></status>
</kw>
<status status="PASS" endtime="20200209 18:12:57.025" starttime="20200209 18:12:56.946"></status>
</kw>
<kw type="foritem" name="${i} = 2">
<kw name="Get WebElement" library="Selenium2Library">
<doc>Returns the first WebElement matching the given ``locator``.</doc>
<arguments>
<arg>(${SHOP_BY_CATEGORY_OPTIONS})[${i}]</arg>
</arguments>
<assign>
<var>${CATEGORY_OPTION}</var>
</assign>
<msg timestamp="20200209 18:12:57.045" level="INFO">${CATEGORY_OPTION} = &lt;selenium.webdriver.remote.webelement.WebElement (session="30772b0a3cafaafa61c2bc960b7a634a", element="c0224506-898b-44eb-97b0-2afdea5a5167")&gt;</msg>
<status status="PASS" endtime="20200209 18:12:57.045" starttime="20200209 18:12:57.026"></status>
</kw>
<kw name="Get Text" library="Selenium2Library">
<doc>Returns the text value of the element identified by ``locator``.</doc>
<arguments>
<arg>${CATEGORY_OPTION}</arg>
</arguments>
<assign>
<var>${actualCategoryName}</var>
</assign>
<msg timestamp="20200209 18:12:57.069" level="INFO">${actualCategoryName} = Fire TV Stick</msg>
<status status="PASS" endtime="20200209 18:12:57.070" starttime="20200209 18:12:57.047"></status>
</kw>
<kw name="Run Keyword If" library="BuiltIn">
<doc>Runs the given keyword with the given arguments, if ``condition`` is true.</doc>
<arguments>
<arg>'${actualCategoryName}'=='${categoryElectronics}'</arg>
<arg>Click Element</arg>
<arg>${CATEGORY_OPTION}</arg>
</arguments>
<status status="PASS" endtime="20200209 18:12:57.071" starttime="20200209 18:12:57.070"></status>
</kw>
<kw name="Exit For Loop If" library="BuiltIn">
<doc>Stops executing the enclosing for loop if the ``condition`` is true.</doc>
<arguments>
<arg>'${actualCategoryName}'=='${categoryElectronics}'</arg>
</arguments>
<status status="PASS" endtime="20200209 18:12:57.072" starttime="20200209 18:12:57.071"></status>
</kw>
<status status="PASS" endtime="20200209 18:12:57.073" starttime="20200209 18:12:57.026"></status>
</kw>
<kw type="foritem" name="${i} = 3">
<kw name="Get WebElement" library="Selenium2Library">
<doc>Returns the first WebElement matching the given ``locator``.</doc>
<arguments>
<arg>(${SHOP_BY_CATEGORY_OPTIONS})[${i}]</arg>
</arguments>
<assign>
<var>${CATEGORY_OPTION}</var>
</assign>
<msg timestamp="20200209 18:12:57.094" level="INFO">${CATEGORY_OPTION} = &lt;selenium.webdriver.remote.webelement.WebElement (session="30772b0a3cafaafa61c2bc960b7a634a", element="3a7aa7bc-b460-4b34-8899-5d7cdf756e6a")&gt;</msg>
<status status="PASS" endtime="20200209 18:12:57.094" starttime="20200209 18:12:57.074"></status>
</kw>
<kw name="Get Text" library="Selenium2Library">
<doc>Returns the text value of the element identified by ``locator``.</doc>
<arguments>
<arg>${CATEGORY_OPTION}</arg>
</arguments>
<assign>
<var>${actualCategoryName}</var>
</assign>
<msg timestamp="20200209 18:12:57.120" level="INFO">${actualCategoryName} = Kindle E-Readers &amp; eBooks</msg>
<status status="PASS" endtime="20200209 18:12:57.120" starttime="20200209 18:12:57.095"></status>
</kw>
<kw name="Run Keyword If" library="BuiltIn">
<doc>Runs the given keyword with the given arguments, if ``condition`` is true.</doc>
<arguments>
<arg>'${actualCategoryName}'=='${categoryElectronics}'</arg>
<arg>Click Element</arg>
<arg>${CATEGORY_OPTION}</arg>
</arguments>
<status status="PASS" endtime="20200209 18:12:57.121" starttime="20200209 18:12:57.120"></status>
</kw>
<kw name="Exit For Loop If" library="BuiltIn">
<doc>Stops executing the enclosing for loop if the ``condition`` is true.</doc>
<arguments>
<arg>'${actualCategoryName}'=='${categoryElectronics}'</arg>
</arguments>
<status status="PASS" endtime="20200209 18:12:57.123" starttime="20200209 18:12:57.122"></status>
</kw>
<status status="PASS" endtime="20200209 18:12:57.123" starttime="20200209 18:12:57.073"></status>
</kw>
<kw type="foritem" name="${i} = 4">
<kw name="Get WebElement" library="Selenium2Library">
<doc>Returns the first WebElement matching the given ``locator``.</doc>
<arguments>
<arg>(${SHOP_BY_CATEGORY_OPTIONS})[${i}]</arg>
</arguments>
<assign>
<var>${CATEGORY_OPTION}</var>
</assign>
<msg timestamp="20200209 18:12:57.140" level="INFO">${CATEGORY_OPTION} = &lt;selenium.webdriver.remote.webelement.WebElement (session="30772b0a3cafaafa61c2bc960b7a634a", element="89bd1539-0fca-4a23-b108-0508591ddba4")&gt;</msg>
<status status="PASS" endtime="20200209 18:12:57.140" starttime="20200209 18:12:57.124"></status>
</kw>
<kw name="Get Text" library="Selenium2Library">
<doc>Returns the text value of the element identified by ``locator``.</doc>
<arguments>
<arg>${CATEGORY_OPTION}</arg>
</arguments>
<assign>
<var>${actualCategoryName}</var>
</assign>
<msg timestamp="20200209 18:12:57.165" level="INFO">${actualCategoryName} = Amazon Prime Video</msg>
<status status="PASS" endtime="20200209 18:12:57.165" starttime="20200209 18:12:57.141"></status>
</kw>
<kw name="Run Keyword If" library="BuiltIn">
<doc>Runs the given keyword with the given arguments, if ``condition`` is true.</doc>
<arguments>
<arg>'${actualCategoryName}'=='${categoryElectronics}'</arg>
<arg>Click Element</arg>
<arg>${CATEGORY_OPTION}</arg>
</arguments>
<status status="PASS" endtime="20200209 18:12:57.167" starttime="20200209 18:12:57.166"></status>
</kw>
<kw name="Exit For Loop If" library="BuiltIn">
<doc>Stops executing the enclosing for loop if the ``condition`` is true.</doc>
<arguments>
<arg>'${actualCategoryName}'=='${categoryElectronics}'</arg>
</arguments>
<status status="PASS" endtime="20200209 18:12:57.168" starttime="20200209 18:12:57.167"></status>
</kw>
<status status="PASS" endtime="20200209 18:12:57.168" starttime="20200209 18:12:57.123"></status>
</kw>
<kw type="foritem" name="${i} = 5">
<kw name="Get WebElement" library="Selenium2Library">
<doc>Returns the first WebElement matching the given ``locator``.</doc>
<arguments>
<arg>(${SHOP_BY_CATEGORY_OPTIONS})[${i}]</arg>
</arguments>
<assign>
<var>${CATEGORY_OPTION}</var>
</assign>
<msg timestamp="20200209 18:12:57.188" level="INFO">${CATEGORY_OPTION} = &lt;selenium.webdriver.remote.webelement.WebElement (session="30772b0a3cafaafa61c2bc960b7a634a", element="9b66c68d-50fa-4d23-b8ca-fdfaa1bc826d")&gt;</msg>
<status status="PASS" endtime="20200209 18:12:57.188" starttime="20200209 18:12:57.170"></status>
</kw>
<kw name="Get Text" library="Selenium2Library">
<doc>Returns the text value of the element identified by ``locator``.</doc>
<arguments>
<arg>${CATEGORY_OPTION}</arg>
</arguments>
<assign>
<var>${actualCategoryName}</var>
</assign>
<msg timestamp="20200209 18:12:57.211" level="INFO">${actualCategoryName} = Amazon Prime Music</msg>
<status status="PASS" endtime="20200209 18:12:57.211" starttime="20200209 18:12:57.189"></status>
</kw>
<kw name="Run Keyword If" library="BuiltIn">
<doc>Runs the given keyword with the given arguments, if ``condition`` is true.</doc>
<arguments>
<arg>'${actualCategoryName}'=='${categoryElectronics}'</arg>
<arg>Click Element</arg>
<arg>${CATEGORY_OPTION}</arg>
</arguments>
<status status="PASS" endtime="20200209 18:12:57.213" starttime="20200209 18:12:57.212"></status>
</kw>
<kw name="Exit For Loop If" library="BuiltIn">
<doc>Stops executing the enclosing for loop if the ``condition`` is true.</doc>
<arguments>
<arg>'${actualCategoryName}'=='${categoryElectronics}'</arg>
</arguments>
<status status="PASS" endtime="20200209 18:12:57.214" starttime="20200209 18:12:57.213"></status>
</kw>
<status status="PASS" endtime="20200209 18:12:57.214" starttime="20200209 18:12:57.169"></status>
</kw>
<kw type="foritem" name="${i} = 6">
<kw name="Get WebElement" library="Selenium2Library">
<doc>Returns the first WebElement matching the given ``locator``.</doc>
<arguments>
<arg>(${SHOP_BY_CATEGORY_OPTIONS})[${i}]</arg>
</arguments>
<assign>
<var>${CATEGORY_OPTION}</var>
</assign>
<msg timestamp="20200209 18:12:57.232" level="INFO">${CATEGORY_OPTION} = &lt;selenium.webdriver.remote.webelement.WebElement (session="30772b0a3cafaafa61c2bc960b7a634a", element="5651b705-d7f9-478d-b0b5-edfd177cf988")&gt;</msg>
<status status="PASS" endtime="20200209 18:12:57.233" starttime="20200209 18:12:57.215"></status>
</kw>
<kw name="Get Text" library="Selenium2Library">
<doc>Returns the text value of the element identified by ``locator``.</doc>
<arguments>
<arg>${CATEGORY_OPTION}</arg>
</arguments>
<assign>
<var>${actualCategoryName}</var>
</assign>
<msg timestamp="20200209 18:12:57.255" level="INFO">${actualCategoryName} = Mobiles, Computers</msg>
<status status="PASS" endtime="20200209 18:12:57.256" starttime="20200209 18:12:57.233"></status>
</kw>
<kw name="Run Keyword If" library="BuiltIn">
<doc>Runs the given keyword with the given arguments, if ``condition`` is true.</doc>
<arguments>
<arg>'${actualCategoryName}'=='${categoryElectronics}'</arg>
<arg>Click Element</arg>
<arg>${CATEGORY_OPTION}</arg>
</arguments>
<status status="PASS" endtime="20200209 18:12:57.258" starttime="20200209 18:12:57.257"></status>
</kw>
<kw name="Exit For Loop If" library="BuiltIn">
<doc>Stops executing the enclosing for loop if the ``condition`` is true.</doc>
<arguments>
<arg>'${actualCategoryName}'=='${categoryElectronics}'</arg>
</arguments>
<status status="PASS" endtime="20200209 18:12:57.259" starttime="20200209 18:12:57.258"></status>
</kw>
<status status="PASS" endtime="20200209 18:12:57.259" starttime="20200209 18:12:57.215"></status>
</kw>
<kw type="foritem" name="${i} = 7">
<kw name="Get WebElement" library="Selenium2Library">
<doc>Returns the first WebElement matching the given ``locator``.</doc>
<arguments>
<arg>(${SHOP_BY_CATEGORY_OPTIONS})[${i}]</arg>
</arguments>
<assign>
<var>${CATEGORY_OPTION}</var>
</assign>
<msg timestamp="20200209 18:12:57.276" level="INFO">${CATEGORY_OPTION} = &lt;selenium.webdriver.remote.webelement.WebElement (session="30772b0a3cafaafa61c2bc960b7a634a", element="6f0d470d-a3c6-4b21-9fe3-1329229f147e")&gt;</msg>
<status status="PASS" endtime="20200209 18:12:57.277" starttime="20200209 18:12:57.260"></status>
</kw>
<kw name="Get Text" library="Selenium2Library">
<doc>Returns the text value of the element identified by ``locator``.</doc>
<arguments>
<arg>${CATEGORY_OPTION}</arg>
</arguments>
<assign>
<var>${actualCategoryName}</var>
</assign>
<msg timestamp="20200209 18:12:57.296" level="INFO">${actualCategoryName} = TV, Appliances, Electronics</msg>
<status status="PASS" endtime="20200209 18:12:57.296" starttime="20200209 18:12:57.277"></status>
</kw>
<kw name="Run Keyword If" library="BuiltIn">
<doc>Runs the given keyword with the given arguments, if ``condition`` is true.</doc>
<arguments>
<arg>'${actualCategoryName}'=='${categoryElectronics}'</arg>
<arg>Click Element</arg>
<arg>${CATEGORY_OPTION}</arg>
</arguments>
<kw name="Click Element" library="Selenium2Library">
<doc>Click the element identified by ``locator``.</doc>
<arguments>
<arg>${CATEGORY_OPTION}</arg>
</arguments>
<msg timestamp="20200209 18:12:57.298" level="INFO">Clicking element '&lt;selenium.webdriver.remote.webelement.WebElement (session="30772b0a3cafaafa61c2bc960b7a634a", element="6f0d470d-a3c6-4b21-9fe3-1329229f147e")&gt;'.</msg>
<status status="PASS" endtime="20200209 18:12:57.536" starttime="20200209 18:12:57.297"></status>
</kw>
<status status="PASS" endtime="20200209 18:12:57.536" starttime="20200209 18:12:57.296"></status>
</kw>
<kw name="Exit For Loop If" library="BuiltIn">
<doc>Stops executing the enclosing for loop if the ``condition`` is true.</doc>
<arguments>
<arg>'${actualCategoryName}'=='${categoryElectronics}'</arg>
</arguments>
<msg timestamp="20200209 18:12:57.538" level="INFO">Exiting for loop altogether.</msg>
<status status="PASS" endtime="20200209 18:12:57.538" starttime="20200209 18:12:57.537"></status>
</kw>
<status status="PASS" endtime="20200209 18:12:57.538" starttime="20200209 18:12:57.259"></status>
</kw>
<status status="PASS" endtime="20200209 18:12:57.539" starttime="20200209 18:12:56.945"></status>
</kw>
<status status="PASS" endtime="20200209 18:12:57.539" starttime="20200209 18:12:53.746"></status>
</kw>
<kw name="Select Television from Electronics" library="AddToCart_keywords">
<kw name="Wait Until Element Is Visible" library="Selenium2Library">
<doc>Waits until the element ``locator`` is visible.</doc>
<arguments>
<arg>${ELECTRONICS_SUBCATEGORIES}</arg>
<arg>${MED_WAIT_TIMEOUT}</arg>
</arguments>
<status status="PASS" endtime="20200209 18:12:57.690" starttime="20200209 18:12:57.540"></status>
</kw>
<kw name="Get Element Count" library="Selenium2Library">
<doc>Returns the number of elements matching ``locator``.</doc>
<arguments>
<arg>${SHOP_BY_CATEGORY_OPTIONS}</arg>
</arguments>
<assign>
<var>${countOfSubCategories}</var>
</assign>
<msg timestamp="20200209 18:12:57.744" level="INFO">${countOfSubCategories} = 19</msg>
<status status="PASS" endtime="20200209 18:12:57.744" starttime="20200209 18:12:57.690"></status>
</kw>
<kw type="for" name="${i} IN RANGE [ 1 | ${countOfSubCategories}+1 ]">
<kw type="foritem" name="${i} = 1">
<kw name="Get WebElement" library="Selenium2Library">
<doc>Returns the first WebElement matching the given ``locator``.</doc>
<arguments>
<arg>(${SHOP_BY_CATEGORY_OPTIONS})[${i}]</arg>
</arguments>
<assign>
<var>${SUB_CATEGORY_OPTION}</var>
</assign>
<msg timestamp="20200209 18:12:57.783" level="INFO">${SUB_CATEGORY_OPTION} = &lt;selenium.webdriver.remote.webelement.WebElement (session="30772b0a3cafaafa61c2bc960b7a634a", element="2b5d21de-80c6-4939-92c8-4c8f2692e379")&gt;</msg>
<status status="PASS" endtime="20200209 18:12:57.783" starttime="20200209 18:12:57.746"></status>
</kw>
<kw name="Get Text" library="Selenium2Library">
<doc>Returns the text value of the element identified by ``locator``.</doc>
<arguments>
<arg>${SUB_CATEGORY_OPTION}</arg>
</arguments>
<assign>
<var>${actualSubCategoryName}</var>
</assign>
<msg timestamp="20200209 18:12:57.880" level="INFO">${actualSubCategoryName} = MAIN MENU</msg>
<status status="PASS" endtime="20200209 18:12:57.881" starttime="20200209 18:12:57.784"></status>
</kw>
<kw name="Run Keyword If" library="BuiltIn">
<doc>Runs the given keyword with the given arguments, if ``condition`` is true.</doc>
<arguments>
<arg>'${actualSubCategoryName}'=='${subCategoryTV}'</arg>
<arg>Click Element</arg>
<arg>${SUB_CATEGORY_OPTION}</arg>
</arguments>
<status status="PASS" endtime="20200209 18:12:57.882" starttime="20200209 18:12:57.881"></status>
</kw>
<kw name="Exit For Loop If" library="BuiltIn">
<doc>Stops executing the enclosing for loop if the ``condition`` is true.</doc>
<arguments>
<arg>'${actualSubCategoryName}'=='${subCategoryTV}'</arg>
</arguments>
<status status="PASS" endtime="20200209 18:12:57.883" starttime="20200209 18:12:57.883"></status>
</kw>
<status status="PASS" endtime="20200209 18:12:57.884" starttime="20200209 18:12:57.746"></status>
</kw>
<kw type="foritem" name="${i} = 2">
<kw name="Get WebElement" library="Selenium2Library">
<doc>Returns the first WebElement matching the given ``locator``.</doc>
<arguments>
<arg>(${SHOP_BY_CATEGORY_OPTIONS})[${i}]</arg>
</arguments>
<assign>
<var>${SUB_CATEGORY_OPTION}</var>
</assign>
<msg timestamp="20200209 18:12:57.923" level="INFO">${SUB_CATEGORY_OPTION} = &lt;selenium.webdriver.remote.webelement.WebElement (session="30772b0a3cafaafa61c2bc960b7a634a", element="8e7ef262-f00b-4adc-8a95-3c9d7ead2797")&gt;</msg>
<status status="PASS" endtime="20200209 18:12:57.924" starttime="20200209 18:12:57.884"></status>
</kw>
<kw name="Get Text" library="Selenium2Library">
<doc>Returns the text value of the element identified by ``locator``.</doc>
<arguments>
<arg>${SUB_CATEGORY_OPTION}</arg>
</arguments>
<assign>
<var>${actualSubCategoryName}</var>
</assign>
<msg timestamp="20200209 18:12:57.948" level="INFO">${actualSubCategoryName} = Televisions</msg>
<status status="PASS" endtime="20200209 18:12:57.948" starttime="20200209 18:12:57.924"></status>
</kw>
<kw name="Run Keyword If" library="BuiltIn">
<doc>Runs the given keyword with the given arguments, if ``condition`` is true.</doc>
<arguments>
<arg>'${actualSubCategoryName}'=='${subCategoryTV}'</arg>
<arg>Click Element</arg>
<arg>${SUB_CATEGORY_OPTION}</arg>
</arguments>
<kw name="Click Element" library="Selenium2Library">
<doc>Click the element identified by ``locator``.</doc>
<arguments>
<arg>${SUB_CATEGORY_OPTION}</arg>
</arguments>
<msg timestamp="20200209 18:12:57.951" level="INFO">Clicking element '&lt;selenium.webdriver.remote.webelement.WebElement (session="30772b0a3cafaafa61c2bc960b7a634a", element="8e7ef262-f00b-4adc-8a95-3c9d7ead2797")&gt;'.</msg>
<status status="PASS" endtime="20200209 18:13:03.217" starttime="20200209 18:12:57.950"></status>
</kw>
<status status="PASS" endtime="20200209 18:13:03.218" starttime="20200209 18:12:57.949"></status>
</kw>
<kw name="Exit For Loop If" library="BuiltIn">
<doc>Stops executing the enclosing for loop if the ``condition`` is true.</doc>
<arguments>
<arg>'${actualSubCategoryName}'=='${subCategoryTV}'</arg>
</arguments>
<msg timestamp="20200209 18:13:03.219" level="INFO">Exiting for loop altogether.</msg>
<status status="PASS" endtime="20200209 18:13:03.220" starttime="20200209 18:13:03.219"></status>
</kw>
<status status="PASS" endtime="20200209 18:13:03.220" starttime="20200209 18:12:57.884"></status>
</kw>
<status status="PASS" endtime="20200209 18:13:03.220" starttime="20200209 18:12:57.745"></status>
</kw>
<status status="PASS" endtime="20200209 18:13:03.221" starttime="20200209 18:12:57.540"></status>
</kw>
<kw name="Select Television Brand" library="AddToCart_keywords">
<kw name="Wait Until Element Is Visible" library="Selenium2Library">
<doc>Waits until the element ``locator`` is visible.</doc>
<arguments>
<arg>${TV_BRAND_SECTION}</arg>
<arg>${MED_WAIT_TIMEOUT}</arg>
</arguments>
<status status="PASS" endtime="20200209 18:13:03.532" starttime="20200209 18:13:03.222"></status>
</kw>
<kw name="Get Element Count" library="Selenium2Library">
<doc>Returns the number of elements matching ``locator``.</doc>
<arguments>
<arg>${BRAND_OPTIONS}</arg>
</arguments>
<assign>
<var>${countOfBrands}</var>
</assign>
<msg timestamp="20200209 18:13:05.284" level="INFO">${countOfBrands} = 15</msg>
<status status="PASS" endtime="20200209 18:13:05.285" starttime="20200209 18:13:03.532"></status>
</kw>
<kw type="for" name="${i} IN RANGE [ 1 | ${countOfBrands}+1 ]">
<kw type="foritem" name="${i} = 1">
<kw name="Get WebElement" library="Selenium2Library">
<doc>Returns the first WebElement matching the given ``locator``.</doc>
<arguments>
<arg>(${BRAND_OPTIONS})[${i}]</arg>
</arguments>
<assign>
<var>${BRAND_OPTION}</var>
</assign>
<msg timestamp="20200209 18:13:05.330" level="INFO">${BRAND_OPTION} = &lt;selenium.webdriver.remote.webelement.WebElement (session="30772b0a3cafaafa61c2bc960b7a634a", element="c66a4f55-ae35-4daa-89c3-19e3ebb6d651")&gt;</msg>
<status status="PASS" endtime="20200209 18:13:05.330" starttime="20200209 18:13:05.287"></status>
</kw>
<kw name="Get Text" library="Selenium2Library">
<doc>Returns the text value of the element identified by ``locator``.</doc>
<arguments>
<arg>${BRAND_OPTION}</arg>
</arguments>
<assign>
<var>${actualBrandName}</var>
</assign>
<msg timestamp="20200209 18:13:05.377" level="INFO">${actualBrandName} = OnePlus</msg>
<status status="PASS" endtime="20200209 18:13:05.377" starttime="20200209 18:13:05.331"></status>
</kw>
<kw name="Run Keyword If" library="BuiltIn">
<doc>Runs the given keyword with the given arguments, if ``condition`` is true.</doc>
<arguments>
<arg>'${actualBrandName}'=='${brandNameTV}'</arg>
<arg>Click Element</arg>
<arg>${BRAND_OPTION}</arg>
</arguments>
<status status="PASS" endtime="20200209 18:13:05.379" starttime="20200209 18:13:05.378"></status>
</kw>
<kw name="Exit For Loop If" library="BuiltIn">
<doc>Stops executing the enclosing for loop if the ``condition`` is true.</doc>
<arguments>
<arg>'${actualBrandName}'=='${brandNameTV}'</arg>
</arguments>
<status status="PASS" endtime="20200209 18:13:05.380" starttime="20200209 18:13:05.379"></status>
</kw>
<status status="PASS" endtime="20200209 18:13:05.380" starttime="20200209 18:13:05.286"></status>
</kw>
<kw type="foritem" name="${i} = 2">
<kw name="Get WebElement" library="Selenium2Library">
<doc>Returns the first WebElement matching the given ``locator``.</doc>
<arguments>
<arg>(${BRAND_OPTIONS})[${i}]</arg>
</arguments>
<assign>
<var>${BRAND_OPTION}</var>
</assign>
<msg timestamp="20200209 18:13:05.500" level="INFO">${BRAND_OPTION} = &lt;selenium.webdriver.remote.webelement.WebElement (session="30772b0a3cafaafa61c2bc960b7a634a", element="5e7acc0c-6d60-45d2-bf0a-309405f99877")&gt;</msg>
<status status="PASS" endtime="20200209 18:13:05.500" starttime="20200209 18:13:05.381"></status>
</kw>
<kw name="Get Text" library="Selenium2Library">
<doc>Returns the text value of the element identified by ``locator``.</doc>
<arguments>
<arg>${BRAND_OPTION}</arg>
</arguments>
<assign>
<var>${actualBrandName}</var>
</assign>
<msg timestamp="20200209 18:13:05.566" level="INFO">${actualBrandName} = Vu</msg>
<status status="PASS" endtime="20200209 18:13:05.566" starttime="20200209 18:13:05.500"></status>
</kw>
<kw name="Run Keyword If" library="BuiltIn">
<doc>Runs the given keyword with the given arguments, if ``condition`` is true.</doc>
<arguments>
<arg>'${actualBrandName}'=='${brandNameTV}'</arg>
<arg>Click Element</arg>
<arg>${BRAND_OPTION}</arg>
</arguments>
<status status="PASS" endtime="20200209 18:13:05.568" starttime="20200209 18:13:05.567"></status>
</kw>
<kw name="Exit For Loop If" library="BuiltIn">
<doc>Stops executing the enclosing for loop if the ``condition`` is true.</doc>
<arguments>
<arg>'${actualBrandName}'=='${brandNameTV}'</arg>
</arguments>
<status status="PASS" endtime="20200209 18:13:05.569" starttime="20200209 18:13:05.568"></status>
</kw>
<status status="PASS" endtime="20200209 18:13:05.570" starttime="20200209 18:13:05.381"></status>
</kw>
<kw type="foritem" name="${i} = 3">
<kw name="Get WebElement" library="Selenium2Library">
<doc>Returns the first WebElement matching the given ``locator``.</doc>
<arguments>
<arg>(${BRAND_OPTIONS})[${i}]</arg>
</arguments>
<assign>
<var>${BRAND_OPTION}</var>
</assign>
<msg timestamp="20200209 18:13:05.618" level="INFO">${BRAND_OPTION} = &lt;selenium.webdriver.remote.webelement.WebElement (session="30772b0a3cafaafa61c2bc960b7a634a", element="42d46369-5f1a-4315-81c8-6ef0819f1c02")&gt;</msg>
<status status="PASS" endtime="20200209 18:13:05.618" starttime="20200209 18:13:05.571"></status>
</kw>
<kw name="Get Text" library="Selenium2Library">
<doc>Returns the text value of the element identified by ``locator``.</doc>
<arguments>
<arg>${BRAND_OPTION}</arg>
</arguments>
<assign>
<var>${actualBrandName}</var>
</assign>
<msg timestamp="20200209 18:13:05.641" level="INFO">${actualBrandName} = Mi</msg>
<status status="PASS" endtime="20200209 18:13:05.641" starttime="20200209 18:13:05.618"></status>
</kw>
<kw name="Run Keyword If" library="BuiltIn">
<doc>Runs the given keyword with the given arguments, if ``condition`` is true.</doc>
<arguments>
<arg>'${actualBrandName}'=='${brandNameTV}'</arg>
<arg>Click Element</arg>
<arg>${BRAND_OPTION}</arg>
</arguments>
<status status="PASS" endtime="20200209 18:13:05.643" starttime="20200209 18:13:05.642"></status>
</kw>
<kw name="Exit For Loop If" library="BuiltIn">
<doc>Stops executing the enclosing for loop if the ``condition`` is true.</doc>
<arguments>
<arg>'${actualBrandName}'=='${brandNameTV}'</arg>
</arguments>
<status status="PASS" endtime="20200209 18:13:05.644" starttime="20200209 18:13:05.643"></status>
</kw>
<status status="PASS" endtime="20200209 18:13:05.645" starttime="20200209 18:13:05.570"></status>
</kw>
<kw type="foritem" name="${i} = 4">
<kw name="Get WebElement" library="Selenium2Library">
<doc>Returns the first WebElement matching the given ``locator``.</doc>
<arguments>
<arg>(${BRAND_OPTIONS})[${i}]</arg>
</arguments>
<assign>
<var>${BRAND_OPTION}</var>
</assign>
<msg timestamp="20200209 18:13:05.672" level="INFO">${BRAND_OPTION} = &lt;selenium.webdriver.remote.webelement.WebElement (session="30772b0a3cafaafa61c2bc960b7a634a", element="44ea502a-11c1-4f28-8fcc-bf1f5d7bf28d")&gt;</msg>
<status status="PASS" endtime="20200209 18:13:05.672" starttime="20200209 18:13:05.645"></status>
</kw>
<kw name="Get Text" library="Selenium2Library">
<doc>Returns the text value of the element identified by ``locator``.</doc>
<arguments>
<arg>${BRAND_OPTION}</arg>
</arguments>
<assign>
<var>${actualBrandName}</var>
</assign>
<msg timestamp="20200209 18:13:05.703" level="INFO">${actualBrandName} = LG</msg>
<status status="PASS" endtime="20200209 18:13:05.703" starttime="20200209 18:13:05.673"></status>
</kw>
<kw name="Run Keyword If" library="BuiltIn">
<doc>Runs the given keyword with the given arguments, if ``condition`` is true.</doc>
<arguments>
<arg>'${actualBrandName}'=='${brandNameTV}'</arg>
<arg>Click Element</arg>
<arg>${BRAND_OPTION}</arg>
</arguments>
<status status="PASS" endtime="20200209 18:13:05.704" starttime="20200209 18:13:05.704"></status>
</kw>
<kw name="Exit For Loop If" library="BuiltIn">
<doc>Stops executing the enclosing for loop if the ``condition`` is true.</doc>
<arguments>
<arg>'${actualBrandName}'=='${brandNameTV}'</arg>
</arguments>
<status status="PASS" endtime="20200209 18:13:05.706" starttime="20200209 18:13:05.705"></status>
</kw>
<status status="PASS" endtime="20200209 18:13:05.706" starttime="20200209 18:13:05.645"></status>
</kw>
<kw type="foritem" name="${i} = 5">
<kw name="Get WebElement" library="Selenium2Library">
<doc>Returns the first WebElement matching the given ``locator``.</doc>
<arguments>
<arg>(${BRAND_OPTIONS})[${i}]</arg>
</arguments>
<assign>
<var>${BRAND_OPTION}</var>
</assign>
<msg timestamp="20200209 18:13:05.728" level="INFO">${BRAND_OPTION} = &lt;selenium.webdriver.remote.webelement.WebElement (session="30772b0a3cafaafa61c2bc960b7a634a", element="caa01dd0-60ce-4014-a007-c768263aea45")&gt;</msg>
<status status="PASS" endtime="20200209 18:13:05.728" starttime="20200209 18:13:05.707"></status>
</kw>
<kw name="Get Text" library="Selenium2Library">
<doc>Returns the text value of the element identified by ``locator``.</doc>
<arguments>
<arg>${BRAND_OPTION}</arg>
</arguments>
<assign>
<var>${actualBrandName}</var>
</assign>
<msg timestamp="20200209 18:13:05.752" level="INFO">${actualBrandName} = Samsung</msg>
<status status="PASS" endtime="20200209 18:13:05.752" starttime="20200209 18:13:05.728"></status>
</kw>
<kw name="Run Keyword If" library="BuiltIn">
<doc>Runs the given keyword with the given arguments, if ``condition`` is true.</doc>
<arguments>
<arg>'${actualBrandName}'=='${brandNameTV}'</arg>
<arg>Click Element</arg>
<arg>${BRAND_OPTION}</arg>
</arguments>
<kw name="Click Element" library="Selenium2Library">
<doc>Click the element identified by ``locator``.</doc>
<arguments>
<arg>${BRAND_OPTION}</arg>
</arguments>
<msg timestamp="20200209 18:13:05.755" level="INFO">Clicking element '&lt;selenium.webdriver.remote.webelement.WebElement (session="30772b0a3cafaafa61c2bc960b7a634a", element="caa01dd0-60ce-4014-a007-c768263aea45")&gt;'.</msg>
<status status="PASS" endtime="20200209 18:13:13.197" starttime="20200209 18:13:05.754"></status>
</kw>
<status status="PASS" endtime="20200209 18:13:13.198" starttime="20200209 18:13:05.753"></status>
</kw>
<kw name="Exit For Loop If" library="BuiltIn">
<doc>Stops executing the enclosing for loop if the ``condition`` is true.</doc>
<arguments>
<arg>'${actualBrandName}'=='${brandNameTV}'</arg>
</arguments>
<msg timestamp="20200209 18:13:13.199" level="INFO">Exiting for loop altogether.</msg>
<status status="PASS" endtime="20200209 18:13:13.200" starttime="20200209 18:13:13.199"></status>
</kw>
<status status="PASS" endtime="20200209 18:13:13.200" starttime="20200209 18:13:05.707"></status>
</kw>
<status status="PASS" endtime="20200209 18:13:13.200" starttime="20200209 18:13:05.285"></status>
</kw>
<status status="PASS" endtime="20200209 18:13:13.201" starttime="20200209 18:13:03.221"></status>
</kw>
<kw name="Checkout Two Most Expensive TV" library="AddToCart_keywords">
<kw name="Set Browser Implicit Wait" library="Selenium2Library">
<doc>Sets the implicit wait value used by Selenium.</doc>
<arguments>
<arg>${MED_WAIT_TIMEOUT}</arg>
</arguments>
<status status="PASS" endtime="20200209 18:13:13.222" starttime="20200209 18:13:13.202"></status>
</kw>
<kw name="Wait Until Element Is Enabled" library="Selenium2Library">
<doc>Waits until the element ``locator`` is enabled.</doc>
<arguments>
<arg>${SORT_SELECT_DROPDOWN}</arg>
<arg>${MED_WAIT_TIMEOUT}</arg>
</arguments>
<status status="PASS" endtime="20200209 18:13:13.577" starttime="20200209 18:13:13.223"></status>
</kw>
<kw name="Wait Until Keyword Succeeds" library="BuiltIn">
<doc>Runs the specified keyword and retries if it fails.</doc>
<arguments>
<arg>${RETRY_COUNT}</arg>
<arg>${QUICK_WAIT_TIMEOUT}</arg>
<arg>Mouse Over</arg>
<arg>${SORT_SELECT_DROPDOWN}</arg>
</arguments>
<kw name="Mouse Over" library="Selenium2Library">
<doc>Simulates hovering the mouse over the element ``locator``.</doc>
<arguments>
<arg>${SORT_SELECT_DROPDOWN}</arg>
</arguments>
<msg timestamp="20200209 18:13:13.579" level="INFO">Simulating Mouse Over on element '//span[@aria-label='Sort by:']'.</msg>
<status status="PASS" endtime="20200209 18:13:14.201" starttime="20200209 18:13:13.578"></status>
</kw>
<status status="PASS" endtime="20200209 18:13:14.201" starttime="20200209 18:13:13.578"></status>
</kw>
<kw name="Wait Until Keyword Succeeds" library="BuiltIn">
<doc>Runs the specified keyword and retries if it fails.</doc>
<arguments>
<arg>${RETRY_COUNT}</arg>
<arg>${QUICK_WAIT_TIMEOUT}</arg>
<arg>Click Element</arg>
<arg>${SORT_SELECT_DROPDOWN}</arg>
</arguments>
<kw name="Click Element" library="Selenium2Library">
<doc>Click the element identified by ``locator``.</doc>
<arguments>
<arg>${SORT_SELECT_DROPDOWN}</arg>
</arguments>
<msg timestamp="20200209 18:13:14.204" level="INFO">Clicking element '//span[@aria-label='Sort by:']'.</msg>
<status status="PASS" endtime="20200209 18:13:14.387" starttime="20200209 18:13:14.203"></status>
</kw>
<status status="PASS" endtime="20200209 18:13:14.388" starttime="20200209 18:13:14.202"></status>
</kw>
<kw name="Wait Until Element Is Visible" library="Selenium2Library">
<doc>Waits until the element ``locator`` is visible.</doc>
<arguments>
<arg>${SORT_SELECT_DROPDOWN_LIST}</arg>
<arg>${MED_WAIT_TIMEOUT}</arg>
</arguments>
<status status="PASS" endtime="20200209 18:13:14.610" starttime="20200209 18:13:14.388"></status>
</kw>
<kw name="Page Should Contain Element" library="Selenium2Library">
<doc>Verifies that element ``locator`` is found on the current page.</doc>
<arguments>
<arg>${SORT_SELECT_DROPDOWN_LIST}</arg>
</arguments>
<msg timestamp="20200209 18:13:14.663" level="INFO">Current page contains element '//div[contains(@class,'a-popover-inner')]'.</msg>
<status status="PASS" endtime="20200209 18:13:14.663" starttime="20200209 18:13:14.611"></status>
</kw>
<kw name="Get Element Count" library="Selenium2Library">
<doc>Returns the number of elements matching ``locator``.</doc>
<arguments>
<arg>${SORT_SELECT_DROPDOWN_OPTIONS}</arg>
</arguments>
<assign>
<var>${countOfOptions}</var>
</assign>
<msg timestamp="20200209 18:13:14.727" level="INFO">${countOfOptions} = 5</msg>
<status status="PASS" endtime="20200209 18:13:14.728" starttime="20200209 18:13:14.664"></status>
</kw>
<kw type="for" name="${i} IN RANGE [ 1 | ${countOfOptions}+1 ]">
<kw type="foritem" name="${i} = 1">
<kw name="Get Text" library="Selenium2Library">
<doc>Returns the text value of the element identified by ``locator``.</doc>
<arguments>
<arg>(${SORT_SELECT_DROPDOWN_OPTIONS})[${i}]</arg>
</arguments>
<assign>
<var>${actualOptionText}</var>
</assign>
<msg timestamp="20200209 18:13:14.816" level="INFO">${actualOptionText} = Featured</msg>
<status status="PASS" endtime="20200209 18:13:14.817" starttime="20200209 18:13:14.729"></status>
</kw>
<kw name="Run Keyword If" library="BuiltIn">
<doc>Runs the given keyword with the given arguments, if ``condition`` is true.</doc>
<arguments>
<arg>'${actualOptionText}'=='${SortByOption}'</arg>
<arg>Click Element</arg>
<arg>(${SORT_SELECT_DROPDOWN_OPTIONS})[${i}]</arg>
</arguments>
<status status="PASS" endtime="20200209 18:13:14.819" starttime="20200209 18:13:14.818"></status>
</kw>
<kw name="Exit For Loop If" library="BuiltIn">
<doc>Stops executing the enclosing for loop if the ``condition`` is true.</doc>
<arguments>
<arg>'${actualOptionText}'=='${SortByOption}'</arg>
</arguments>
<status status="PASS" endtime="20200209 18:13:14.820" starttime="20200209 18:13:14.819"></status>
</kw>
<status status="PASS" endtime="20200209 18:13:14.820" starttime="20200209 18:13:14.728"></status>
</kw>
<kw type="foritem" name="${i} = 2">
<kw name="Get Text" library="Selenium2Library">
<doc>Returns the text value of the element identified by ``locator``.</doc>
<arguments>
<arg>(${SORT_SELECT_DROPDOWN_OPTIONS})[${i}]</arg>
</arguments>
<assign>
<var>${actualOptionText}</var>
</assign>
<msg timestamp="20200209 18:13:14.943" level="INFO">${actualOptionText} = Price: Low to High</msg>
<status status="PASS" endtime="20200209 18:13:14.944" starttime="20200209 18:13:14.821"></status>
</kw>
<kw name="Run Keyword If" library="BuiltIn">
<doc>Runs the given keyword with the given arguments, if ``condition`` is true.</doc>
<arguments>
<arg>'${actualOptionText}'=='${SortByOption}'</arg>
<arg>Click Element</arg>
<arg>(${SORT_SELECT_DROPDOWN_OPTIONS})[${i}]</arg>
</arguments>
<status status="PASS" endtime="20200209 18:13:14.945" starttime="20200209 18:13:14.944"></status>
</kw>
<kw name="Exit For Loop If" library="BuiltIn">
<doc>Stops executing the enclosing for loop if the ``condition`` is true.</doc>
<arguments>
<arg>'${actualOptionText}'=='${SortByOption}'</arg>
</arguments>
<status status="PASS" endtime="20200209 18:13:14.946" starttime="20200209 18:13:14.946"></status>
</kw>
<status status="PASS" endtime="20200209 18:13:14.947" starttime="20200209 18:13:14.821"></status>
</kw>
<kw type="foritem" name="${i} = 3">
<kw name="Get Text" library="Selenium2Library">
<doc>Returns the text value of the element identified by ``locator``.</doc>
<arguments>
<arg>(${SORT_SELECT_DROPDOWN_OPTIONS})[${i}]</arg>
</arguments>
<assign>
<var>${actualOptionText}</var>
</assign>
<msg timestamp="20200209 18:13:15.015" level="INFO">${actualOptionText} = Price: High to Low</msg>
<status status="PASS" endtime="20200209 18:13:15.015" starttime="20200209 18:13:14.948"></status>
</kw>
<kw name="Run Keyword If" library="BuiltIn">
<doc>Runs the given keyword with the given arguments, if ``condition`` is true.</doc>
<arguments>
<arg>'${actualOptionText}'=='${SortByOption}'</arg>
<arg>Click Element</arg>
<arg>(${SORT_SELECT_DROPDOWN_OPTIONS})[${i}]</arg>
</arguments>
<kw name="Click Element" library="Selenium2Library">
<doc>Click the element identified by ``locator``.</doc>
<arguments>
<arg>(${SORT_SELECT_DROPDOWN_OPTIONS})[${i}]</arg>
</arguments>
<msg timestamp="20200209 18:13:15.018" level="INFO">Clicking element '(//div[contains(@class,'a-popover-inner')]//a)[3]'.</msg>
<status status="PASS" endtime="20200209 18:13:19.882" starttime="20200209 18:13:15.017"></status>
</kw>
<status status="PASS" endtime="20200209 18:13:19.882" starttime="20200209 18:13:15.016"></status>
</kw>
<kw name="Exit For Loop If" library="BuiltIn">
<doc>Stops executing the enclosing for loop if the ``condition`` is true.</doc>
<arguments>
<arg>'${actualOptionText}'=='${SortByOption}'</arg>
</arguments>
<msg timestamp="20200209 18:13:19.884" level="INFO">Exiting for loop altogether.</msg>
<status status="PASS" endtime="20200209 18:13:19.884" starttime="20200209 18:13:19.883"></status>
</kw>
<status status="PASS" endtime="20200209 18:13:19.885" starttime="20200209 18:13:14.947"></status>
</kw>
<status status="PASS" endtime="20200209 18:13:19.885" starttime="20200209 18:13:14.728"></status>
</kw>
<kw name="Wait Until Element Is Visible" library="Selenium2Library">
<doc>Waits until the element ``locator`` is visible.</doc>
<arguments>
<arg>${RESULTS_AFTER_SORTING}</arg>
<arg>${WAIT_TIMEOUT}</arg>
</arguments>
<status status="PASS" endtime="20200209 18:13:19.945" starttime="20200209 18:13:19.885"></status>
</kw>
<kw type="for" name="${i} IN RANGE [ 1 | 3 ]">
<kw type="foritem" name="${i} = 1">
<kw name="Get WebElement" library="Selenium2Library">
<doc>Returns the first WebElement matching the given ``locator``.</doc>
<arguments>
<arg>(${SEARCH_RESULTS_LIST})[${i}]</arg>
</arguments>
<assign>
<var>${OPTIONS_TO_CHECKOUT}</var>
</assign>
<msg timestamp="20200209 18:13:19.964" level="INFO">${OPTIONS_TO_CHECKOUT} = &lt;selenium.webdriver.remote.webelement.WebElement (session="30772b0a3cafaafa61c2bc960b7a634a", element="41ae869e-6b78-4c23-833e-647a13a39692")&gt;</msg>
<status status="PASS" endtime="20200209 18:13:19.964" starttime="20200209 18:13:19.946"></status>
</kw>
<kw name="Scroll Element Into View" library="Selenium2Library">
<doc>Scrolls the element identified by ``locator`` into view.</doc>
<arguments>
<arg>${OPTIONS_TO_CHECKOUT}</arg>
</arguments>
<status status="PASS" endtime="20200209 18:13:20.551" starttime="20200209 18:13:19.965"></status>
</kw>
<kw name="Mouse Over" library="Selenium2Library">
<doc>Simulates hovering the mouse over the element ``locator``.</doc>
<arguments>
<arg>${OPTIONS_TO_CHECKOUT}</arg>
</arguments>
<msg timestamp="20200209 18:13:20.553" level="INFO">Simulating Mouse Over on element '&lt;selenium.webdriver.remote.webelement.WebElement (session="30772b0a3cafaafa61c2bc960b7a634a", element="41ae869e-6b78-4c23-833e-647a13a39692")&gt;'.</msg>
<status status="PASS" endtime="20200209 18:13:21.071" starttime="20200209 18:13:20.552"></status>
</kw>
<kw name="Click Element" library="Selenium2Library">
<doc>Click the element identified by ``locator``.</doc>
<arguments>
<arg>${OPTIONS_TO_CHECKOUT}</arg>
</arguments>
<msg timestamp="20200209 18:13:21.072" level="INFO">Clicking element '&lt;selenium.webdriver.remote.webelement.WebElement (session="30772b0a3cafaafa61c2bc960b7a634a", element="41ae869e-6b78-4c23-833e-647a13a39692")&gt;'.</msg>
<status status="PASS" endtime="20200209 18:13:21.389" starttime="20200209 18:13:21.071"></status>
</kw>
<kw name="Select Window" library="Selenium2Library">
<doc>DEPRECATED in Selenium2Library 4.0. , use `Switch Window` instead.</doc>
<arguments>
<arg>NEW</arg>
</arguments>
<status status="PASS" endtime="20200209 18:13:21.406" starttime="20200209 18:13:21.390"></status>
</kw>
<kw name="Wait Until Element Is Enabled" library="Selenium2Library">
<doc>Waits until the element ``locator`` is enabled.</doc>
<arguments>
<arg>${ADD_TO_CART_BUTTON}</arg>
<arg>${MED_WAIT_TIMEOUT}</arg>
</arguments>
<status status="PASS" endtime="20200209 18:13:27.411" starttime="20200209 18:13:21.406"></status>
</kw>
<kw name="Mouse Over" library="Selenium2Library">
<doc>Simulates hovering the mouse over the element ``locator``.</doc>
<arguments>
<arg>${ADD_TO_CART_BUTTON}</arg>
</arguments>
<msg timestamp="20200209 18:13:27.412" level="INFO">Simulating Mouse Over on element 'id:add-to-cart-button'.</msg>
<status status="PASS" endtime="20200209 18:13:28.054" starttime="20200209 18:13:27.412"></status>
</kw>
<kw name="Click Element" library="Selenium2Library">
<doc>Click the element identified by ``locator``.</doc>
<arguments>
<arg>${ADD_TO_CART_BUTTON}</arg>
</arguments>
<msg timestamp="20200209 18:13:28.056" level="INFO">Clicking element 'id:add-to-cart-button'.</msg>
<status status="PASS" endtime="20200209 18:13:30.373" starttime="20200209 18:13:28.055"></status>
</kw>
<kw name="Wait Until Element Is Visible" library="Selenium2Library">
<doc>Waits until the element ``locator`` is visible.</doc>
<arguments>
<arg>${ADDED_ITEM_TO_CART_ROW}</arg>
<arg>${MED_WAIT_TIMEOUT}</arg>
</arguments>
<status status="PASS" endtime="20200209 18:13:30.644" starttime="20200209 18:13:30.374"></status>
</kw>
<kw name="Capture Page Screenshot" library="Selenium2Library">
<doc>Takes a screenshot of the current page and embeds it into a log file.</doc>
<arguments>
<arg>ItemAddedToCart${i}.png</arg>
</arguments>
<msg timestamp="20200209 18:13:31.439" html="yes" level="INFO">&lt;/td&gt;&lt;/tr&gt;&lt;tr&gt;&lt;td colspan="3"&gt;&lt;a href="ItemAddedToCart1.png"&gt;&lt;img src="ItemAddedToCart1.png" width="800px"&gt;&lt;/a&gt;</msg>
<status status="PASS" endtime="20200209 18:13:31.440" starttime="20200209 18:13:30.645"></status>
</kw>
<kw name="Close Window" library="Selenium2Library">
<doc>Closes currently opened and selected browser window/tab.</doc>
<status status="PASS" endtime="20200209 18:13:31.537" starttime="20200209 18:13:31.440"></status>
</kw>
<kw name="Select Window" library="Selenium2Library">
<doc>DEPRECATED in Selenium2Library 4.0. , use `Switch Window` instead.</doc>
<arguments>
<arg>MAIN</arg>
</arguments>
<status status="PASS" endtime="20200209 18:13:31.584" starttime="20200209 18:13:31.538"></status>
</kw>
<kw name="Reload Page" library="Selenium2Library">
<doc>Simulates user reloading page.</doc>
<status status="PASS" endtime="20200209 18:13:36.101" starttime="20200209 18:13:31.585"></status>
</kw>
<status status="PASS" endtime="20200209 18:13:36.101" starttime="20200209 18:13:19.946"></status>
</kw>
<kw type="foritem" name="${i} = 2">
<kw name="Get WebElement" library="Selenium2Library">
<doc>Returns the first WebElement matching the given ``locator``.</doc>
<arguments>
<arg>(${SEARCH_RESULTS_LIST})[${i}]</arg>
</arguments>
<assign>
<var>${OPTIONS_TO_CHECKOUT}</var>
</assign>
<msg timestamp="20200209 18:13:36.141" level="INFO">${OPTIONS_TO_CHECKOUT} = &lt;selenium.webdriver.remote.webelement.WebElement (session="30772b0a3cafaafa61c2bc960b7a634a", element="eb9db8c4-80f5-42fb-9b76-ca74202a8718")&gt;</msg>
<status status="PASS" endtime="20200209 18:13:36.141" starttime="20200209 18:13:36.102"></status>
</kw>
<kw name="Scroll Element Into View" library="Selenium2Library">
<doc>Scrolls the element identified by ``locator`` into view.</doc>
<arguments>
<arg>${OPTIONS_TO_CHECKOUT}</arg>
</arguments>
<status status="PASS" endtime="20200209 18:13:36.689" starttime="20200209 18:13:36.143"></status>
</kw>
<kw name="Mouse Over" library="Selenium2Library">
<doc>Simulates hovering the mouse over the element ``locator``.</doc>
<arguments>
<arg>${OPTIONS_TO_CHECKOUT}</arg>
</arguments>
<msg timestamp="20200209 18:13:36.691" level="INFO">Simulating Mouse Over on element '&lt;selenium.webdriver.remote.webelement.WebElement (session="30772b0a3cafaafa61c2bc960b7a634a", element="eb9db8c4-80f5-42fb-9b76-ca74202a8718")&gt;'.</msg>
<status status="PASS" endtime="20200209 18:13:37.216" starttime="20200209 18:13:36.690"></status>
</kw>
<kw name="Click Element" library="Selenium2Library">
<doc>Click the element identified by ``locator``.</doc>
<arguments>
<arg>${OPTIONS_TO_CHECKOUT}</arg>
</arguments>
<msg timestamp="20200209 18:13:37.217" level="INFO">Clicking element '&lt;selenium.webdriver.remote.webelement.WebElement (session="30772b0a3cafaafa61c2bc960b7a634a", element="eb9db8c4-80f5-42fb-9b76-ca74202a8718")&gt;'.</msg>
<status status="PASS" endtime="20200209 18:13:37.559" starttime="20200209 18:13:37.217"></status>
</kw>
<kw name="Select Window" library="Selenium2Library">
<doc>DEPRECATED in Selenium2Library 4.0. , use `Switch Window` instead.</doc>
<arguments>
<arg>NEW</arg>
</arguments>
<status status="PASS" endtime="20200209 18:13:37.572" starttime="20200209 18:13:37.560"></status>
</kw>
<kw name="Wait Until Element Is Enabled" library="Selenium2Library">
<doc>Waits until the element ``locator`` is enabled.</doc>
<arguments>
<arg>${ADD_TO_CART_BUTTON}</arg>
<arg>${MED_WAIT_TIMEOUT}</arg>
</arguments>
<status status="PASS" endtime="20200209 18:13:42.375" starttime="20200209 18:13:37.573"></status>
</kw>
<kw name="Mouse Over" library="Selenium2Library">
<doc>Simulates hovering the mouse over the element ``locator``.</doc>
<arguments>
<arg>${ADD_TO_CART_BUTTON}</arg>
</arguments>
<msg timestamp="20200209 18:13:42.376" level="INFO">Simulating Mouse Over on element 'id:add-to-cart-button'.</msg>
<status status="PASS" endtime="20200209 18:13:43.037" starttime="20200209 18:13:42.375"></status>
</kw>
<kw name="Click Element" library="Selenium2Library">
<doc>Click the element identified by ``locator``.</doc>
<arguments>
<arg>${ADD_TO_CART_BUTTON}</arg>
</arguments>
<msg timestamp="20200209 18:13:43.039" level="INFO">Clicking element 'id:add-to-cart-button'.</msg>
<status status="PASS" endtime="20200209 18:13:44.860" starttime="20200209 18:13:43.038"></status>
</kw>
<kw name="Wait Until Element Is Visible" library="Selenium2Library">
<doc>Waits until the element ``locator`` is visible.</doc>
<arguments>
<arg>${ADDED_ITEM_TO_CART_ROW}</arg>
<arg>${MED_WAIT_TIMEOUT}</arg>
</arguments>
<status status="PASS" endtime="20200209 18:13:45.165" starttime="20200209 18:13:44.860"></status>
</kw>
<kw name="Capture Page Screenshot" library="Selenium2Library">
<doc>Takes a screenshot of the current page and embeds it into a log file.</doc>
<arguments>
<arg>ItemAddedToCart${i}.png</arg>
</arguments>
<msg timestamp="20200209 18:13:45.639" html="yes" level="INFO">&lt;/td&gt;&lt;/tr&gt;&lt;tr&gt;&lt;td colspan="3"&gt;&lt;a href="ItemAddedToCart2.png"&gt;&lt;img src="ItemAddedToCart2.png" width="800px"&gt;&lt;/a&gt;</msg>
<status status="PASS" endtime="20200209 18:13:45.640" starttime="20200209 18:13:45.166"></status>
</kw>
<kw name="Close Window" library="Selenium2Library">
<doc>Closes currently opened and selected browser window/tab.</doc>
<status status="PASS" endtime="20200209 18:13:45.683" starttime="20200209 18:13:45.640"></status>
</kw>
<kw name="Select Window" library="Selenium2Library">
<doc>DEPRECATED in Selenium2Library 4.0. , use `Switch Window` instead.</doc>
<arguments>
<arg>MAIN</arg>
</arguments>
<status status="PASS" endtime="20200209 18:13:45.720" starttime="20200209 18:13:45.684"></status>
</kw>
<kw name="Reload Page" library="Selenium2Library">
<doc>Simulates user reloading page.</doc>
<status status="PASS" endtime="20200209 18:13:49.779" starttime="20200209 18:13:45.721"></status>
</kw>
<status status="PASS" endtime="20200209 18:13:49.779" starttime="20200209 18:13:36.102"></status>
</kw>
<status status="PASS" endtime="20200209 18:13:49.781" starttime="20200209 18:13:19.945"></status>
</kw>
<status status="PASS" endtime="20200209 18:13:49.782" starttime="20200209 18:13:13.201"></status>
</kw>
<kw name="Validate Items Added to Cart" library="AddToCart_keywords">
<kw name="Wait Until Element Is Enabled" library="Selenium2Library">
<doc>Waits until the element ``locator`` is enabled.</doc>
<arguments>
<arg>${CART_TABLINK}</arg>
<arg>${MED_WAIT_TIMEOUT}</arg>
</arguments>
<status status="PASS" endtime="20200209 18:13:49.835" starttime="20200209 18:13:49.783"></status>
</kw>
<kw name="Mouse Over" library="Selenium2Library">
<doc>Simulates hovering the mouse over the element ``locator``.</doc>
<arguments>
<arg>${CART_TABLINK}</arg>
</arguments>
<msg timestamp="20200209 18:13:49.837" level="INFO">Simulating Mouse Over on element 'id:nav-cart'.</msg>
<status status="PASS" endtime="20200209 18:13:50.435" starttime="20200209 18:13:49.836"></status>
</kw>
<kw name="Click Element" library="Selenium2Library">
<doc>Click the element identified by ``locator``.</doc>
<arguments>
<arg>${CART_TABLINK}</arg>
</arguments>
<msg timestamp="20200209 18:13:50.436" level="INFO">Clicking element 'id:nav-cart'.</msg>
<status status="PASS" endtime="20200209 18:13:52.933" starttime="20200209 18:13:50.436"></status>
</kw>
<kw name="Wait Until Element Is Visible" library="Selenium2Library">
<doc>Waits until the element ``locator`` is visible.</doc>
<arguments>
<arg>${SHOPPING_CART_ENTRY}</arg>
<arg>${WAIT_TIMEOUT}</arg>
</arguments>
<status status="PASS" endtime="20200209 18:13:52.994" starttime="20200209 18:13:52.933"></status>
</kw>
<kw name="Get Element Count" library="Selenium2Library">
<doc>Returns the number of elements matching ``locator``.</doc>
<arguments>
<arg>${SHOPPING_CART_ITEMS}</arg>
</arguments>
<assign>
<var>${countOfAddedItems}</var>
</assign>
<msg timestamp="20200209 18:13:53.011" level="INFO">${countOfAddedItems} = 2</msg>
<status status="PASS" endtime="20200209 18:13:53.011" starttime="20200209 18:13:52.995"></status>
</kw>
<kw name="Should Be Equal As Numbers" library="BuiltIn">
<doc>Fails if objects are unequal after converting them to real numbers.</doc>
<arguments>
<arg>${countOfAddedItems}</arg>
<arg>${expectedAddedItemsCount}</arg>
</arguments>
<msg timestamp="20200209 18:13:53.013" level="INFO">Argument types are:
&lt;type 'int'&gt;
&lt;type 'unicode'&gt;</msg>
<status status="PASS" endtime="20200209 18:13:53.014" starttime="20200209 18:13:53.012"></status>
</kw>
<kw name="Capture Page Screenshot" library="Selenium2Library">
<doc>Takes a screenshot of the current page and embeds it into a log file.</doc>
<arguments>
<arg>AddedItemsInShoppingCart.png</arg>
</arguments>
<msg timestamp="20200209 18:13:53.598" html="yes" level="INFO">&lt;/td&gt;&lt;/tr&gt;&lt;tr&gt;&lt;td colspan="3"&gt;&lt;a href="AddedItemsInShoppingCart.png"&gt;&lt;img src="AddedItemsInShoppingCart.png" width="800px"&gt;&lt;/a&gt;</msg>
<status status="PASS" endtime="20200209 18:13:53.599" starttime="20200209 18:13:53.014"></status>
</kw>
<status status="PASS" endtime="20200209 18:13:53.600" starttime="20200209 18:13:49.782"></status>
</kw>
<kw type="teardown" name="Close All Browsers" library="Selenium2Library">
<doc>Closes all open browsers and resets the browser cache.</doc>
<status status="PASS" endtime="20200209 18:13:58.129" starttime="20200209 18:13:53.600"></status>
</kw>
<status status="PASS" endtime="20200209 18:13:58.130" critical="yes" starttime="20200209 18:12:42.368"></status>
</test>
<status status="PASS" endtime="20200209 18:13:58.132" starttime="20200209 18:12:41.754"></status>
</suite>
<status status="PASS" endtime="20200209 18:13:58.135" starttime="20200209 18:12:41.749"></status>
</suite>
<status status="PASS" endtime="20200209 18:13:58.138" starttime="20200209 18:12:41.702"></status>
</suite>
<statistics>
<total>
<stat fail="0" pass="1">Critical Tests</stat>
<stat fail="0" pass="1">All Tests</stat>
</total>
<tag>
</tag>
<suite>
<stat fail="0" id="s1" name="Robot Practice Exercise" pass="1">Robot Practice Exercise</stat>
<stat fail="0" id="s1-s1" name="TestCases" pass="1">Robot Practice Exercise.TestCases</stat>
<stat fail="0" id="s1-s1-s1" name="TC Checkout Two Most Expensive Items" pass="1">Robot Practice Exercise.TestCases.TC Checkout Two Most Expensive Items</stat>
</suite>
</statistics>
<errors>
</errors>
</robot>
